date,home_team,away_team,odd_h,odd_d,odd_a
2022-08-05,Arsenal,Crystal Palace,1.8,3.5,4.2
2022-08-06,Manchester City,Bournemouth,1.2,6.5,12.0
2022-08-06,Tottenham,Southampton,1.5,4.2,6.0
2022-08-07,Liverpool,Fulham,1.6,4.0,5.0
2022-08-07,Leeds,Everton,2.4,3.4,2.9
2022-08-08,Chelsea,Leicester City,1.9,3.5,4.0
2022-08-13,Crystal Palace,Arsenal,4.0,3.4,1.9
2022-08-13,Bournemouth,Manchester City,8.0,5.5,1.2
2022-08-13,Southampton,Tottenham,3.2,3.5,2.2
2022-08-14,Fulham,Liverpool,5.0,4.0,1.7
2022-08-14,Everton,Leeds,2.5,3.4,2.8
2022-08-15,Leicester City,Chelsea,4.5,3.8,1.9
2022-08-20,Arsenal,Leicester City,1.3,5.5,9.0
2022-08-20,Manchester City,Crystal Palace,1.2,7.0,13.0
2022-08-20,Tottenham,Bournemouth,1.3,5.5,9.0
2022-08-21,Liverpool,Everton,1.3,6.0,10.0
2022-08-21,Chelsea,Southampton,1.5,4.2,6.5
2022-08-22,Leeds,Fulham,1.9,3.5,4.2
2022-08-27,Crystal Palace,Tottenham,3.2,3.5,2.2
2022-08-27,Bournemouth,Liverpool,7.5,5.0,1.3
2022-08-27,Southampton,Arsenal,4.8,3.8,1.8
2022-08-28,Fulham,Chelsea,4.5,3.8,1.9
2022-08-28,Everton,Manchester City,9.0,6.0,1.2
2022-08-29,Leicester City,Leeds,2.4,3.4,2.9
